,Similarity_Score
0,0.6363342472115607
1,0.6388109839671263
2,0.5845051953491452
3,0.5787336183349122
4,0.6231003926336531
5,0.5813378047145722
6,0.6417963122250848
7,0.6650170585502947
8,0.6536989120424442
9,0.6067557122256927
10,0.6129454157981029
11,0.5712624373279549
12,0.6536015031575261
13,0.6102204108106846
14,0.6266829593966627
15,0.5677876134045354
16,0.6928117309324902
17,0.7104876810021591
18,0.6594998443424794
19,0.6380130268327577
20,0.6196474361629822
21,0.5605865196534086
22,0.5731960118892185
23,0.5939437020454584
24,0.6424968902768559
25,0.6119177572776224
26,0.6209806578766908
27,0.6329382280744178
28,0.6507388561523643
29,0.6029968200327861
30,0.6651692590016568
31,0.6227290110153549
32,0.6914561425771628
33,0.5892826042006848
34,0.6500173866738447
35,0.6870543249217078
36,0.6526921002452314
37,0.6829268972321214
38,0.6268656625231706
39,0.5606123247377679
40,0.6978808076452727
41,0.6022650762042357
42,0.5491324186842192
43,0.5742219567762639
44,0.5598294326764683
45,0.5504803776454701
46,0.812501560896542
47,0.5991320848982283
48,0.6387321866314299
49,0.6124908410018182
50,0.6617764883174605
51,0.6288655621489547
52,0.6099110329204183
53,0.6234502048224089
54,0.5897578841592143
55,0.7075797046673474
56,0.7012562929835144
57,0.653634553931084
58,0.6010431289051098
59,0.5727375925935749
60,0.5790831026981412
61,0.6101063200768042
62,0.6083313087623531
63,0.614031457064661
64,0.6523674486656518
65,0.6509265660687348
66,0.5865159802725327
67,0.5984846890875882
68,0.5831038529810993
69,0.6022012917875473
70,0.6517496316582184
71,0.5614071600790524
72,0.6329393754637613
73,0.7641756675138671
74,0.6114127271525427
75,0.6079998026490329
76,0.6671249021813331
77,0.6158660953720752
78,0.6664942105713957
79,0.7520788757754042
80,0.6303120922856276
81,0.59284545672861
82,0.6603882068164225
83,0.7838162908663576
84,0.6408424889539189
85,0.5607816168200006
86,0.6142408779715969
87,0.5789496702581841
88,0.616921850030312
89,0.5999356374182917
90,0.6562988068879362
91,0.587403038894949
92,0.5991338432351444
93,0.5690011340975085
94,0.5881831071863707
95,0.6753698482889028
96,0.6061221297906559
97,0.5710985618174933
98,0.6846523323862355
99,0.6303110939078871
100,0.7175622005723595
101,0.608126313500028
102,0.6108532779900266
103,0.7805414032613395
104,0.581144067278858
105,0.5866241850480923
106,0.6345147261312767
107,0.6787223560379532
108,0.5948711502628833
109,0.6396741932824734
110,0.5661039685544986
111,0.589697273689671
112,0.6727362917222803
113,0.5946343186715651
114,0.8026572583522047
115,0.6084199930179123
116,0.6304607760631575
117,0.6244006902336663
118,0.617052697118956
119,0.5525766952290121
120,0.6057279791994107
121,0.6773220791028691
122,0.6187648553392378
123,0.5330408605610811
124,0.6585571522380619
125,0.7117168479134531
126,0.6838931480709822
127,0.6133747107759291
128,0.659010087906713
129,0.6043757585063124
130,0.591183299351734
131,0.5879336319605332
132,0.664303725105302
133,0.6643211147593787
134,0.6183729399220383
135,0.7266105427378092
136,0.5995126679830153
137,0.6455454739603118
138,0.6663451393636978
139,0.7929977599979782
140,0.6734247551307229
141,0.5835341612378263
142,0.5645452401313042
143,0.5558063578125025
144,0.6777269734306948
145,0.590068744714931
146,0.6756068512435645
147,0.6045482245356902
148,0.6304287981731416
149,0.6026792018008708
150,0.6511148720315175
151,0.6348606118642919
152,0.8202944505039185
153,0.6605942898634499
154,0.6285463047894058
155,0.6475863517769366
156,0.5713750677481253
157,0.5941722560422268
158,0.6444522652356467
159,0.6093530366210319
160,0.611497566908743
161,0.7462385150052002
162,0.6442971143545441
163,0.6318304013114928
164,0.5784131614319586
165,0.606587642038605
166,0.6172637124500446
167,0.5802570161070219
168,0.587887602276349
169,0.6275056971606197
170,0.5734444067809339
171,0.6130339361408987
172,0.5949096623116933
173,0.5689443830284844
174,0.6289996129870645
175,0.6069855551728275
176,0.6594492549032417
177,0.6890458351942399
178,0.6785568339492778
179,0.7330564866628356
180,0.6474327953199867
181,0.6095146918586081
182,0.6186019186018754
183,0.5728868873186774
184,0.6377197868991025
185,0.540927366708078
186,0.6061384391106105
187,0.7669617970608594
188,0.5996910423224543
189,0.6525278149528614
190,0.6070988114417307
191,0.6240176112045281
192,0.6209847035417138
193,0.5912313630442999
194,0.6095656016727924
195,0.6272018028973458
196,0.5777890337831357
197,0.6329985777736558
198,0.6473814459215733
199,0.6343451956304791
200,0.6672659714659469
201,0.6264862044759867
202,0.6036153150430134
203,0.5953014212667095
204,0.6553907599812293
205,0.5293904804801655
206,0.6504181831825863
207,0.7164923419658934
208,0.5423562315192084
209,0.6488349349001089
210,0.6024759425237213
211,0.5315098855489561
212,0.5942349377730526
213,0.6575618143342844
214,0.7013722687141735
215,0.622537575808908
216,0.5942788514924734
217,0.6368599154436638
218,0.6426071141596369
219,0.5805706184762348
220,0.7253643736026064
221,0.7098737829998861
222,0.5511362373151638
223,0.552239347860852
224,0.5546460417124008
225,0.6319664489050836
226,0.8803829622040413
227,0.7183250803753686
228,0.6533466039093373
229,0.5784046677705844
230,0.6990765810563218
231,0.6202417540406135
232,0.6100695216614294
233,0.5741868272908432
234,0.6729841874251254
235,0.5935096833998154
236,0.5797595930242782
237,0.580326246897802
238,0.5754389121866874
239,0.6041016814648102
240,0.5994391605592274
241,0.6022930456821295
242,0.6596588993275821
243,0.5910918881838388
244,0.5638911164467861
245,0.6535438207659828
246,0.610106506341308
247,0.6830061714049476
248,0.574710185843099
249,0.6397929704312699
250,0.6140809587191964
251,0.86973605336332
252,0.5551345948794726
253,0.6886265910490399
254,0.6815734397427178
255,0.6051519599466347
256,0.5868820645283422
257,0.5376694776016785
258,0.590718137281052
259,0.6376936204616057
260,0.7324326495866388
261,0.6475891382939137
262,0.6324937264624997
263,0.6645941636208198
264,0.6554428395364976
265,0.6403946792844128
266,0.5981884242183909
267,0.6846213826762806
268,0.6232412533020226
269,0.6031795380604542
270,0.5920012836455534
271,0.6323749046102223
272,0.6476526023356556
273,0.6192580539430348
274,0.6977534176258195
275,0.6722533600179339
276,0.5728821263979598
277,0.6325723896877533
278,0.6237365008153617
279,0.6395511096983486
280,0.6265741064206298
281,0.6468709470706614
282,0.6116467647763035
283,0.6289951128366522
284,0.5962527262417837
285,0.5301414486681552
286,0.593866901465243
287,0.629119850449571
288,0.5857873284347458
289,0.7326673428614531
290,0.621703818636905
291,0.6335326204578506
292,0.6677139748505369
293,0.5568971823515187
294,0.6484977663458725
295,0.8355890908486193
296,0.6046121356122413
297,0.6044607696258563
298,0.6603824996720254
299,0.6070486243338212
300,0.6282935811106216
301,0.783122463040205
302,0.6544638929090564
303,0.6207776593698466
304,0.569823365222015
305,0.57191349137345
306,0.6584262306436163
307,0.6980010749100998
308,0.6627124152950993
309,0.7182859350272456
310,0.6175867249019906
311,0.6462942572656717
312,0.6488579124893002
313,0.6247006058871385
314,0.6033711967843057
315,0.821479182155181
316,0.5254599231952475
317,0.6722812400888658
318,0.6290979010404407
319,0.5871063046392021
320,0.6404323643188259
321,0.5500991463602098
322,0.7050730463818881
323,0.5389773412658369
324,0.6421562795545889
325,0.6439402315652233
326,0.5890230483399005
327,0.6149889311201018
328,0.6193458664807161
329,0.5399389652944228
330,0.5944314691763241
331,0.6688558805670809
332,0.6108325728277819
333,0.6172772799565029
334,0.6596735620693229
335,0.5803234305785042
336,0.6823660771628572
337,0.5828375617958569
338,0.7047653672238966
339,0.5935245622083806
340,0.5927642826578449
341,0.62566640224061
342,0.5626115538113383
343,0.6561919059639033
344,0.6628412805294227
345,0.632444701645094
346,0.6270545496312052
347,0.6034660575708116
348,0.6126891307420057
349,0.6040138540259686
350,0.626228041873691
351,0.6843315253060147
352,0.6212653594454909
353,0.6045728710548358
354,0.5900166055550214
355,0.6773726536409466
356,0.6489776135100357
357,0.651127910546785
358,0.6547119227223442
359,0.5433973159851243
360,0.6320539187160779
361,0.6991033435402307
362,0.6077249060437139
363,0.6753069355900922
364,0.6955348136702291
365,0.7606384300805074
366,0.6127411059891519
367,0.6005776017560004
368,0.6212659331401627
369,0.5836366216160881
370,0.6653982749343946
371,0.5641621014975249
372,0.68911116188102
373,0.677166466285797
374,0.6133004433929656
375,0.6165982936860148
376,0.6104681351501862
377,0.572895835465441
378,0.540425983641983
379,0.6036888448185417
380,0.6368250914320295
381,0.5896490982384027
382,0.6228846163818469
383,0.5665252094551796
384,0.5836392293191416
385,0.5511862716861802
386,0.5809097167307308
387,0.6504802465152594
388,0.6334856072970863
389,0.6321277986688734
390,0.6310197632897041
391,0.5801376503623933
392,0.585184211421954
393,0.7177073229725764
394,0.5593368003167629
395,0.5965124087624306
396,0.6540874895997352
397,0.5504749014690578
398,0.7060853865095743
399,0.5116077077175553
400,0.5608209968613984
401,0.6109305405062115
402,0.6032836822698305
403,0.5929782856715747
404,0.6573649104020053
405,0.6785478783519341
406,0.6398228770600034
407,0.6663775344862023
408,0.6692458439322803
409,0.5671343316355746
410,0.5991699338454047
411,0.6875720210330474
412,0.5833745102063114
413,0.5987863183744956
414,0.6781348181882609
415,0.5672156323662023
416,0.6054064047094342
417,0.7390048510429352
418,0.6470434280011995
419,0.55501698374647
420,0.5960866677113373
421,0.5788570297445638
422,0.781482143313757
423,0.6222869680948873
424,0.73234886036224
425,0.5832283968789341
426,0.5925799255025431
427,0.5568180124868147
428,0.622133784166945
429,0.5883056841310451
430,0.7325638095996493
431,0.5934289116603785
432,0.6196040141818515
433,0.6363567032601414
434,0.5669082214290964
435,0.7099022740183906
436,0.6720804171514263
437,0.581688302356702
438,0.7345297196787763
439,0.6404512440889332
440,0.5810336869338938
441,0.5935301203411746
442,0.6071171324183265
443,0.6378599323117773
444,0.6021192459989043
445,0.5681521702914136
446,0.7380974746884421
447,0.590339111367517
448,0.6175772924675171
449,0.5948518756120279
450,0.6751849695929903
451,0.726895229405449
452,0.6128373376824059
453,0.5975379215158271
454,0.6418716524915903
455,0.6386589623296879
456,0.6825388859189221
457,0.5868529402105248
458,0.6403584694648701
459,0.5839861357816377
460,0.6210281627757452
461,0.6470054002400994
462,0.6798484367222526
463,0.6644092849249074
464,0.7263827934036974
465,0.6364685066659148
466,0.7113486104399794
467,0.6463387521303444
468,0.5491167426635777
469,0.6159065371211447
470,0.6353680410761808
471,0.6546011176943113
472,0.6711149709752219
473,0.5898324272136434
474,0.5962853374311127
475,0.6872720159726133
476,0.6622950784984184
477,0.6605819517027168
478,0.6223877744443551
479,0.6461917372827687
480,0.5690611261688991
481,0.6437655303617996
482,0.6321324925343696
483,0.6850680896599239
484,0.6081117178135086
485,0.6000144869080491
486,0.6483096093946928
487,0.6380335904339796
488,0.5867340140501253
489,0.6515623836778174
490,0.6503701120394402
491,0.603463494571239
492,0.7273781760109558
493,0.6241509467869433
494,0.632819972466232
495,0.555988897026247
496,0.6577808911930983
497,0.6814643781504406
498,0.649045682010312
499,0.6591929698471445
500,0.5740438953611913
501,0.5983623356603184
502,0.6825216005729675
503,0.617233895228273
504,0.6134695939141754
505,0.6277527136950067
506,0.6110685550529626
507,0.6792026800392461
508,0.6311351280727906
509,0.6613555752423063
510,0.7223612682604034
511,0.6502963661970874
512,0.6330064604874575
513,0.6958886417216872
514,0.5726174817909311
515,0.6337775359286346
516,0.59412025099276
517,0.7448519918410783
518,0.5759293987793088
519,0.592986049176094
520,0.7110031121371322
521,0.7170400490140886
522,0.6922000084996218
523,0.5386546380129672
524,0.6113168232848154
525,0.6105872922785704
526,0.6482291282278819
527,0.601095886463172
528,0.5842286894185132
529,0.6111726694600184
530,0.7144532969919862
531,0.599840590367282
532,0.5912521427123462
533,0.6597152257135376
534,0.6475110711150723
535,0.6938457373472608
536,0.5845310488622756
537,0.5843550438073252
538,0.6491761714711087
539,0.606964470030995
540,0.6563754435553882
541,0.6170799811434757
542,0.6873319931428437
543,0.66813581179763
544,0.6114823453734908
545,0.7052793827486407
546,0.8067000623524152
547,0.5705313715021985
548,0.6270197107184106
549,0.6477864743598417
550,0.6478092135304682
551,0.575388874090381
552,0.6035134358100035
553,0.63814378451444
554,0.5872371591784263
555,0.6968605997049451
556,0.5890149495592744
557,0.68433763478174
558,0.6017911448007139
559,0.6869182922292774
560,0.6342488596291029
561,0.7018692373115278
562,0.7066021438478146
563,0.5729732544438091
564,0.5917829220424341
565,0.6494448244902596
566,0.6251454725774841
567,0.6511073767478838
568,0.5680467073293503
569,0.623210609065854
570,0.5715478467018695
571,0.6466286691052515
572,0.5976597086990053
573,0.6077989722610132
574,0.6626800350737551
575,0.6410703425961529
576,0.5659465601476097
577,0.6058535959807875
578,0.5868672080715175
579,0.6452513846605191
580,0.627422548686114
581,0.6126250184997906
582,0.6659538497952312
583,0.7647421500240474
584,0.6061823900829321
585,0.7687609631561659
586,0.6334111163967182
587,0.6678085972184779
588,0.6837643424413
589,0.6648829779098643
590,0.6448721054272589
591,0.6947748246923193
592,0.5975665168424537
593,0.5869750328674893
594,0.6669223954127791
595,0.6262714936571423
596,0.7886843211242961
597,0.7129383407271898
598,0.5954309198003459
599,0.59970350714305
600,0.672709559040692
601,0.7845782169951071
602,0.6835340450087759
603,0.5929134581736649
604,0.7135394088304395
605,0.595184544015852
606,0.7059690829533886
607,0.5893410391008235
608,0.6418879990644456
609,0.6954067083950812
610,0.667339538494376
611,0.6138528070537563
612,0.6148625394783891
613,0.6437473211439061
614,0.6147273561520961
615,0.607200809884023
616,0.7569032158313265
617,0.6396646267375572
618,0.6002687752086654
619,0.6190153140416554
620,0.5826142381063558
621,0.5384939215484904
622,0.6236454398247337
623,0.6351227381752289
624,0.6530096588725055
625,0.7127802245151863
626,0.7608280324442367
627,0.5912521427123462
628,0.6525207965063574
629,0.6113257490798385
630,0.6499838739643172
631,0.7230324463228913
632,0.5872805141043357
633,0.5867437668595453
634,0.5799258154674879
635,0.6246719584064508
636,0.7226427362774172
637,0.5833184371400811
638,0.7496114373438694
639,0.627250172063698
640,0.6504348575809683
641,0.562218666093429
642,0.6352924772922708
643,0.6509221702264446
644,0.7236091659302016
645,0.582233126030378
646,0.6174582023943542
647,0.6131566918994968
648,0.5969736220256315
649,0.5708234342441896
650,0.6482550413456535
651,0.6290767115904861
652,0.7362907388037003
653,0.6339382002390503
654,0.5677949447754058
655,0.6491452366623142
656,0.6063697572726156
657,0.6412255381807365
658,0.5935187209535407
659,0.5972203703391331
660,0.6127705655830762
661,0.6044163194646645
662,0.611091242069528
663,0.6146734884575911
664,0.5718280183179367
665,0.6584110016577839
666,0.7759740784183694
667,0.8279674453754755
668,0.6488506258219108
669,0.5696676778991414
670,0.8028807459544691
671,0.6281030101714724
672,0.6299787235272691
673,0.6387354499855369
674,0.7452053877588876
675,0.6579000706732231
676,0.6112031870363244
677,0.6206519010274469
678,0.602911600296998
679,0.6238576696003872
680,0.6225020067392584
681,0.6233291477960856
682,0.7231407926594738
683,0.7082643831810723
684,0.5821278493328185
685,0.6554317381720699
686,0.5899771845354328
687,0.588748762682154
688,0.6013651131769947
689,0.6504049062487539
690,0.6955013605653428
691,0.5976168008079051
692,0.6116515405981815
693,0.6024482338161329
694,0.6618210725890951
695,0.6188620705090719
696,0.5915860255607351
697,0.5726876960582914
698,0.5899681395311273
699,0.6711817281733913
700,0.599542194632161
701,0.6134825132201605
702,0.6680362571456279
703,0.7237482831628154
704,0.6233453826102386
705,0.6416063522335081
706,0.7685668606420243
707,0.6176638086042519
708,0.5860238620028578
709,0.6391702956455769
710,0.6173592735910849
711,0.6177032594261611
712,0.5842675590951706
713,0.6188105870002159
714,0.5649730300919396
715,0.6264879628129028
716,0.6341108003788709
717,0.6297192347217062
718,0.6243741438165817
719,0.6055663686653155
720,0.6015736027614115
721,0.5841337317744654
722,0.6939324919025605
723,0.5764846309134584
724,0.65136995009363
725,0.7133915595178867
726,0.6151802471172663
727,0.616796665382584
728,0.587331766645207
729,0.6179728214160907
730,0.6202850121089809
731,0.6018136082998747
732,0.6531123576693322
733,0.7229704872983403
734,0.5619732402579045
735,0.5764768227054582
736,0.62881999440074
737,0.6367165066768821
738,0.6388821221064256
739,0.6397754615679108
740,0.6536391136861376
741,0.5849164673735817
742,0.6169292484564037
743,0.5913991724610822
744,0.6537442264709338
745,0.7356597342693965
746,0.6186211932527308
747,0.5944461840721259
748,0.5555803221118258
749,0.6901256030723093
750,0.6390160835375736
751,0.5861026667891344
752,0.7566617574297334
753,0.6151107034021197
754,0.6823054592427338
755,0.6275565846230635
756,0.6380837179372478
757,0.7837504873424478
758,0.5781097440058145
759,0.6604866140790812
760,0.722214566337194
761,0.6839116255097613
762,0.559549056169447
763,0.6541134325198273
764,0.5615281276984139
765,0.6521123109988981
766,0.5736048177716244
767,0.71478449018094
768,0.6913540547279087
769,0.7153699269670292
770,0.5447891961163761
771,0.6334245721444742
772,0.6259187533903865
773,0.6842396149492493
774,0.7368128456584904
775,0.6969701530355124
776,0.6117283337278168
777,0.6660631945095542
778,0.6983712048309323
779,0.5774072735066846
780,0.6292951924028878
781,0.6758856370517232
782,0.5478569091643746
783,0.6737955407026088
784,0.7119264178319921
785,0.6262669339020888
786,0.618785977733971
787,0.5614128448717091
788,0.5337031985102177
789,0.6261706575053538
790,0.5862260930999462
791,0.6734759257152125
792,0.612430774424626
793,0.6934552077379699
794,0.6110286199433435
795,0.6106848352739314
796,0.5865747802510989
797,0.6061146419576023
798,0.5816214781033112
799,0.5999767050160941
800,0.7200796174955596
801,0.6179255474850209
802,0.6624353878238566
803,0.5864604883515544
804,0.7169557680513997
805,0.6304035407064235
806,0.5597789289189024
807,0.7479977161885669
808,0.631861753352776
809,0.6186650846204111
810,0.6320143561354663
811,0.7569216634677849
812,0.6108132832757662
813,0.7546300438266966
814,0.6397467470320017
815,0.5951041746077433
816,0.6168231894479281
817,0.7075746829763244
818,0.6095945993307472
819,0.6070468510957449
820,0.5650203934299711
821,0.6941448334369162
822,0.6005869075306113
823,0.6333514968543352
824,0.6559631731532113
825,0.6255367472447904
826,0.6143059438880716
827,0.6380273766501321
828,0.6174534861771175
829,0.5359116100721592
830,0.8255285128636054
831,0.6127787165177634
832,0.6276241464838894
833,0.5931311641257307
834,0.5894708729105668
835,0.5882811940740827
836,0.6304103952401641
837,0.7885031230149792
838,0.5506337105850154
839,0.6714849667856116
840,0.6306243460998329
841,0.6667600621724091
842,0.6343237975642801
843,0.6499300360721328
844,0.6344228157745113
845,0.6137438795719219
846,0.5982104928368036
847,0.6260555311408322
848,0.6126776344968299
849,0.6749780371798255
850,0.6080559427704845
851,0.5909681563992407
852,0.6067946713093119
853,0.6962464930864278
854,0.5501619957290891
855,0.6239262447401139
856,0.6403438812289308
857,0.5694271359189071
858,0.585115524523525
859,0.602747121289544
860,0.6298063469048532
861,0.6459315332215111
862,0.5793713805454147
863,0.5999255567833449
864,0.6473784656895122
865,0.62747158840468
866,0.6514643638453267
867,0.5584388154185524
868,0.7161409726058857
869,0.6568923052017507
870,0.6350316622834407
871,0.603733175770451
872,0.5887913427477275
873,0.6072255458101304
874,0.6230075062508877
875,0.5784523514835626
876,0.5914286395055867
877,0.6078273291690749
878,0.5890282041413663
879,0.6059225212977813
880,0.553575125123553
881,0.5306566097195977
882,0.621875025518237
883,0.5960492732495503
884,0.626542962995591
885,0.5621546507087558
886,0.6072683121402077
887,0.6077574874307222
888,0.5945515650778076
889,0.6783702714222508
890,0.7620019160507967
891,0.5524275569660928
892,0.6482381881333478
893,0.5851675519247322
894,0.6117633067510542
895,0.7192041445252809
896,0.5777143566182639
897,0.6276946587744558
898,0.6555490699083167
899,0.7476382703996736
900,0.6514162032952188
901,0.7089362615980946
902,0.5913956632378302
903,0.6353901692992348
904,0.6838158110489958
905,0.621046677467425
906,0.6300447654697439
907,0.6107551687505741
908,0.6228116901033109
909,0.6851178446341846
910,0.5392911820536147
911,0.5655107012086689
912,0.6713639693639296
913,0.7274285270316286
914,0.673335601488614
915,0.5720377148963383
916,0.6947531882075555
917,0.6319433074031289
918,0.5747358009376644
919,0.6047751990094662
920,0.6334872315235596
921,0.5972133220903085
922,0.6428726379351236
923,0.6113732465283128
924,0.6524883715815323
925,0.5340283828062783
926,0.6968598546469298
927,0.667325352589765
928,0.6241528466848822
929,0.6614088915938799
930,0.6573499943405393
931,0.6701430576954449
932,0.6119686447400663
933,0.6436002168893685
934,0.6491687208909559
935,0.5695749777808798
936,0.5596443081114109
937,0.6629274986429513
938,0.6105285444540653
939,0.6384591526711492
940,0.5767620979689301
941,0.7045780745400146
942,0.5261002037018416
943,0.6055300545376506
944,0.6019858806141686
945,0.602165052165684
946,0.6917381917394285
947,0.5861849435457621
948,0.550102715188103
949,0.7283201379585184
950,0.6073278348250487
951,0.6146323091010863
952,0.5447431552563217
953,0.5979162843277285
954,0.6867011078178222
955,0.6270769013716637
956,0.6194487515420466
957,0.5924972836674879
958,0.580654377898313
959,0.6911401038682399
960,0.6538266000851035
961,0.6886566913928573
962,0.608757079615767
963,0.5829191680002709
964,0.6192514974325003
965,0.6389655388018167
966,0.792906833117793
967,0.548289821398865
968,0.6091800565016235
969,0.644690028149484
970,0.5827081526691823
971,0.5378498822242092
972,0.5491984569014039
973,0.5773071898634916
974,0.7762262060507413
975,0.608109005802333
976,0.6846224704609829
977,0.575112077587123
978,0.5855435827050458
979,0.7259752019658564
980,0.6340805361222901
981,0.5909398888981409
982,0.7031067339714328
983,0.6972592355454423
984,0.6558267530306129
985,0.6045891282207293
986,0.6631770185722697
987,0.5923620854400345
988,0.6828101913446074
989,0.6230557562079575
990,0.5943719688432235
991,0.613249906107789
992,0.6202451813074839
993,0.5737487927824978
994,0.5998249068960603
995,0.6741923437003885
996,0.706678795416427
997,0.6206600594127143
998,0.5954937654439351
999,0.5698993760407343
1000,0.7838347981074573
1001,0.6151259845420132
1002,0.5165342883596249
1003,0.5274472071261879
1004,0.5380043923554186
1005,0.6221492292196018
1006,0.6844331959227803
1007,0.7939869884260303
1008,0.6113806002509237
1009,0.5988082081789846
1010,0.6497054457840058
1011,0.6191103163891842
1012,0.6022051809903871
1013,0.629562593724573
1014,0.562059890505082
1015,0.6077852482923717
1016,0.6289552671339949
1017,0.5263163394441402
1018,0.6350334057191964
1019,0.6014513834445844
1020,0.5837562108781212
1021,0.5992332116226428
1022,0.6321886848098823
1023,0.7545946982744516
1024,0.6815457086833889
1025,0.6168152918329661
1026,0.6633274010820746
1027,0.6077552895095771
1028,0.6176190827715944
1029,0.6821179728437679
1030,0.7028968958320083
1031,0.6756341948727254
1032,0.638594470107885
1033,0.6077713306086462
1034,0.5640000215768801
1035,0.5947312656205138
1036,0.6116383679724713
1037,0.6543567386652983
1038,0.6061711546080616
1039,0.5603854620226942
1040,0.5916442443940494
1041,0.6663218935536209
1042,0.6214737074688848
1043,0.6608550154653182
1044,0.6540397015786349
1045,0.7397448277625545
1046,0.6157497843653092
1047,0.6922949288907689
1048,0.7152805051040348
1049,0.6280098034137604
1050,0.6445446822318625
1051,0.6272800190877903
1052,0.5394359952547553
1053,0.6142414591168488
1054,0.6358604052150008
1055,0.6090770298792701
1056,0.6207102986746849
1057,0.5893023854909906
1058,0.6403726851718017
1059,0.5815354313531261
1060,0.5511354028501867
1061,0.6411738162533155
1062,0.6418185596574212
1063,0.5788615969501975
1064,0.7435021404324687
1065,0.6096783960057262
1066,0.6159650614282453
1067,0.766400917386954
1068,0.6214372443296168
1069,0.6201620179318179
1070,0.5851633870504268
1071,0.5853472077639575
1072,0.671193559694674
1073,0.6280741764262809
1074,0.5961101593905592
1075,0.6189166981627525
1076,0.5989085823948036
1077,0.5780793456387909
1078,0.5699574682141859
1079,0.5780253438338432
1080,0.592541555014756
1081,0.5640432274911864
1082,0.6318894397086239
1083,0.5963714661376794
1084,0.6532070396419144
1085,0.5938856843778083
1086,0.5998447179886867
1087,0.6750187769521012
1088,0.6112805985641123
1089,0.6476542712656098
1090,0.6909494435221288
1091,0.731561900284177
1092,0.6563222762154176
1093,0.5855832346926192
1094,0.6528300104838604
1095,0.5819018657862028
1096,0.5929290820402454
1097,0.7642557463493498
1098,0.6730214701282102
1099,0.6118822701643545
1100,0.5915650819799255
1101,0.6173862595923985
1102,0.5482326754490927
1103,0.6389182425190065
1104,0.6173034836469005
1105,0.6031264303251248
1106,0.6061089497143656
1107,0.6073368872799344
1108,0.6222642214736807
1109,0.5461810874234981
1110,0.5931961704375642
1111,0.6686441052768167
1112,0.5590518528788178
1113,0.6745102748566703
1114,0.6219021158276727
1115,0.6222869010396659
1116,0.6551684644717893
1117,0.6260708346324662
1118,0.6158060213443028
1119,0.6699803817283879
1120,0.5599325561563637
1121,0.6437020365177372
1122,0.5698692756969168
1123,0.6046010342478135
1124,0.6887148208192098
1125,0.6436007235288189
1126,0.642791635227702
1127,0.6793629569194939
1128,0.6398005104183846
1129,0.6012634723625497
1130,0.660797139358691
1131,0.6831613669895311
1132,0.5965221168683698
1133,0.5490123935632472
1134,0.6330756912782376
1135,0.6325487713486688
1136,0.6877658702274638
1137,0.6240197942245129
1138,0.6337698618310772
1139,0.5641009471356304
1140,0.591997074067767
1141,0.577870118446939
1142,0.5835419023906051
1143,0.5990612075292344
1144,0.6677216042446134
1145,0.6595334315578084
1146,0.5807710688846667
1147,0.6613067888434655
1148,0.5656812151860466
1149,0.5836855942794327
1150,0.5556333255390331
1151,0.6461817386042036
1152,0.6063350822725843
1153,0.6636191658008596
1154,0.6035287318510573
1155,0.7441044602331841
1156,0.6119725041405855
1157,0.6745478555829612
1158,0.6274118347518542
1159,0.6121674560208645
1160,0.6745823815713894
1161,0.5696889344043174
1162,0.6981868923791115
1163,0.5655732637302122
1164,0.6400732016519783
1165,0.6373019583641315
1166,0.5822686503965467
1167,0.6418235366449633
1168,0.5577238167688956
1169,0.597641216359066
1170,0.6630278728587703
1171,0.5891224539802996
1172,0.6229005755245343
1173,0.6656415661787053
1174,0.6252892538732735
1175,0.6180312265139087
1176,0.5855663889308936
1177,0.5859882482297273
1178,0.7705907660370609
1179,0.5374786756945445
1180,0.5826138134232871
1181,0.5959306302111965
1182,0.6321189473796518
1183,0.6114665575941469
1184,0.5940249208197045
1185,0.6440965298356695
1186,0.6811642389795638
1187,0.6832029561279442
1188,0.6133729896919138
1189,0.6624507211178111
1190,0.5801811841022263
1191,0.6834480355114916
1192,0.642242423162316
1193,0.5794363868572482
1194,0.7381302721422749
1195,0.6347591647649309
1196,0.604123511664658
1197,0.6454006644844613
1198,0.6331976274730189
1199,0.6913671975512983
1200,0.7888668901403612
1201,0.580229478762777
1202,0.7542741743162766
1203,0.6389774895323819
1204,0.6239370406307554
1205,0.5775627447627338
1206,0.6447350296536071
1207,0.6781574083472843
1208,0.5580847563991096
1209,0.6917655055662688
1210,0.5944427195523548
1211,0.6325416038905618
1212,0.5789486942321841
1213,0.6183561090614731
1214,0.6080622757636144
1215,0.5985736341134528
1216,0.6442193750012294
1217,0.6375657238027022
1218,0.6435693267840549
1219,0.5705715524809627
1220,0.5562467467041763
1221,0.8133863321908514
1222,0.7171629239819691
1223,0.5970068516131132
1224,0.59101979637028
1225,0.597454460116955
1226,0.6813421737347738
1227,0.693133372477688
1228,0.681742657319149
1229,0.6663720657603701
1230,0.6221287028712807
1231,0.5830677772719993
1232,0.5971049086985046
1233,0.673436169419517
1234,0.6470134617678248
1235,0.6974968792499971
1236,0.6986745179489542
1237,0.6287741584316398
1238,0.6624875418849264
1239,0.7638710877972192
1240,0.6212069468970927
1241,0.6619519345788994
1242,0.648325508932739
1243,0.5987123043112573
1244,0.6904065197463918
1245,0.6507188438940738
1246,0.5485729695217032
1247,0.5810830470274063
1248,0.673128952197495
1249,0.5922933165852239
1250,0.6291949970009925
1251,0.5713969873549349
1252,0.6643314561646309
1253,0.678822432230566
1254,0.5866988771141245
1255,0.6787398052966711
1256,0.6268154456129404
1257,0.6582135165802528
1258,0.6190701205092597
1259,0.6374695219117688
1260,0.5866177626480006
1261,0.5538001251935885
1262,0.6000743895724779
1263,0.6098968172134867
1264,0.6134793988776566
1265,0.6516349076250251
1266,0.6230385379172243
1267,0.547731791571868
1268,0.6102964365305641
1269,0.5432678845067093
1270,0.6473791213405656
1271,0.5652655696710605
1272,0.5782441599223519
1273,0.6289138568095054
1274,0.5957267227335737
1275,0.6207308250230059
1276,0.6187583882356651
1277,0.7514600603902304
1278,0.5931806657802662
1279,0.6385047800240051
1280,0.5996350065091248
1281,0.620005928277616
1282,0.6244327128271632
1283,0.6973694743293837
1284,0.6502293407780325
1285,0.7921480958373489
1286,0.6072580452407571
1287,0.7285220337794999
1288,0.5452693375784553
1289,0.5596592278981669
1290,0.6303838413724994
1291,0.6424076472277852
1292,0.5886661655505797
1293,0.6414158707013208
1294,0.6312253694996017
1295,0.6185144189885605
1296,0.6746462181421389
1297,0.6129581711913246
1298,0.6631586752439335
1299,0.6043557611491822
1300,0.7048150327911954
1301,0.5924086590165699
1302,0.5754453792902601
1303,0.6001893669253965
1304,0.6591048741874174
1305,0.6151041468915852
1306,0.6475596637988291
1307,0.5968643071136291
1308,0.7420267765506043
1309,0.6567901875501759
1310,0.6639766595377529
1311,0.5999275013847648
1312,0.6131837673077722
1313,0.6680799622488044
1314,0.7128607801877987
1315,0.6132913313334387
1316,0.6059943970445157
1317,0.5717163117697053
1318,0.6110592567289319
1319,0.5634917280976934
1320,0.5782005069732364
1321,0.7049278047723887
1322,0.6017414568816747
1323,0.6578702683526118
1324,0.589099901074177
1325,0.6045441714200871
1326,0.6171650444170806
1327,0.5990826726506547
1328,0.6384447879526145
1329,0.5924771671010752
1330,0.5749944403770899
1331,0.5757130190305102
1332,0.5439643237612054
1333,0.622882478065343
1334,0.700201871979125
1335,0.6293577623750113
1336,0.7756856217571723
1337,0.6168748890236087
1338,0.6513628422401642
1339,0.687202189135421
1340,0.6085392544544187
1341,0.5897163993289233
1342,0.6374503590196157
1343,0.5919763167514612
1344,0.6548232194886673
1345,0.5861723893182046
1346,0.6243809014927804
1347,0.5797023129640632
1348,0.7540237454161796
1349,0.6483036638317309
1350,0.5956352296092969
1351,0.6133480600507224
1352,0.5679101754480496
1353,0.670255382641829
1354,0.6478558988657058
1355,0.6172094573253717
1356,0.686147306195062
1357,0.7055157896568901
1358,0.6148428326938848
1359,0.5984966547193137
1360,0.5705295759123816
1361,0.5758117317669551
1362,0.5346000695466954
1363,0.5703882607586228
1364,0.6371459432157311
1365,0.7521200923848097
1366,0.5396868786402417
1367,0.6096122199528087
1368,0.6380523509948044
1369,0.746679589350248
1370,0.5953861567147877
1371,0.6574980522693364
1372,0.7091053003606022
1373,0.6216917710487979
1374,0.6056879174299289
1375,0.6287531626967691
1376,0.6064602967226328
1377,0.5002230261319562
1378,0.5818946014705538
1379,0.6681402076399202
1380,0.6414079879875191
1381,0.6607208156156054
1382,0.6501449108037406
1383,0.6481866748221711
1384,0.6108926394049741
1385,0.6638962081732626
1386,0.5814662899693078
1387,0.6771135075620707
1388,0.8148287943107608
1389,0.6378649092993194
1390,0.5683473605902576
1391,0.5678184141028872
1392,0.5650385951972845
1393,0.6446927848641405
1394,0.6394852316686372
1395,0.6049608972691954
1396,0.5861292728108601
1397,0.6216508003085375
1398,0.6080089892143613
1399,0.7226249144896916
1400,0.6557576414491152
1401,0.5979298443836066
1402,0.6112222456203553
1403,0.6327727208869027
1404,0.6570911611860298
1405,0.6008396684622962
1406,0.6969235422060762
1407,0.6861466654451689
1408,0.6275290919822996
1409,0.6061499577075268
1410,0.7302885961360576
1411,0.6354156502833574
1412,0.6136951676788827
1413,0.6778275413615977
1414,0.8207775461210283
1415,0.5732945830646405
1416,0.6417957906844741
1417,0.597192676532705
1418,0.6150129666916748
1419,0.7614433311555784
1420,0.561082758093908
1421,0.6277701182502438
1422,0.745008901059097
1423,0.6909531241087243
1424,0.5599217900680429
1425,0.5930657629331492
1426,0.6323408405577635
1427,0.6422112946384374
1428,0.6205941962841632
1429,0.5969632210157382
1430,0.5554441031548916
1431,0.7874032683728177
1432,0.7779573036457715
1433,0.6361945488336951
1434,0.602216729389624
1435,0.6466593207920003
1436,0.5495982326806645
1437,0.5553310555022326
1438,0.5841085711652892
1439,0.6338750491216749
1440,0.613657162269523
1441,0.6241309866827138
1442,0.6331702242392168
1443,0.5897237903044349
1444,0.7579745496526629
1445,0.6358421810959469
1446,0.542904784208251
1447,0.6091888630873642
1448,0.596723073916252
1449,0.6046285864932187
1450,0.7044898149675242
1451,0.6744464531870811
1452,0.6135940260533079
1453,0.7510030418036555
1454,0.6951065096195632
1455,0.6308302056294557
1456,0.6474857391425527
1457,0.6301664632459603
1458,0.6977671713967817
1459,0.6215842889795131
1460,0.6655263355060616
1461,0.6005441188487936
1462,0.6040465099187785
1463,0.6213698761838748
1464,0.7138225755797282
1465,0.5460621985159994
1466,0.5775006143748393
1467,0.7207829522619872
1468,0.6799675864000567
1469,0.5994846016475796
1470,0.6761198534894077
1471,0.7661077817614209
1472,0.5372589320088069
1473,0.6318063508387595
1474,0.5817833121548109
1475,0.5519515431254183
1476,0.6870379187442113
1477,0.6418091123217874
1478,0.6071459363611974
1479,0.704604613506519
1480,0.648006445288274
1481,0.5770586981142343
1482,0.5754210307943206
1483,0.685952890756554
1484,0.8331109384828247
1485,0.7927261118456058
1486,0.6139357990660788
1487,0.5503299727839248
1488,0.5314239319310229
1489,0.6307534646538815
1490,0.5613947660389682
1491,0.6388331270913405
1492,0.581311273198648
1493,0.5940148476353379
1494,0.6376988060653921
1495,0.6321666161914696
1496,0.6519624649308643
1497,0.6032794950437846
1498,0.724205242144749
1499,0.6513948052290198
1500,0.6503010004579425
1501,0.6986309022527395
1502,0.6413772766961291
1503,0.6975164593746388
1504,0.6144658929427926
1505,0.6366059549685743
1506,0.604697482007892
1507,0.6688892740673259
1508,0.5914628972731294
1509,0.5653024202404964
1510,0.7550946322027068
1511,0.6479140878966995
1512,0.725566224720107
1513,0.6685116935663405
1514,0.5929385889805204
1515,0.6247868612535679
1516,0.5890273249729082
1517,0.5946652534803597
1518,0.5906804224443184
1519,0.5980692596394265
1520,0.6117597304725808
1521,0.6142622760377958
1522,0.632003373980321
1523,0.7868347891071564
1524,0.6340849021622597
1525,0.607470975370945
1526,0.5718691604215407
1527,0.664064218755709
1528,0.5825862537273018
1529,0.611891121453576
1530,0.6789557380106606
1531,0.541565792020214
1532,0.5890717378811993
1533,0.718116598241532
1534,0.5798639756522194
1535,0.6492067933555369
1536,0.6295536828307102
1537,0.6472173841466079
1538,0.7350765475585135
1539,0.5645781269920989
1540,0.6102629610739374
1541,0.6044171613802217
1542,0.6292034757612064
1543,0.6577867473490985
1544,0.5728980706394868
1545,0.5912938436094616
1546,0.6717746602431142
1547,0.6604166680326063
1548,0.6702311384540117
1549,0.6298975420059238
1550,0.6305949908140307
1551,0.6393518513827412
1552,0.6209184902358955
1553,0.5930813718985694
1554,0.6318637501082569
1555,0.7045488831669758
1556,0.6549193915772801
1557,0.5630482025117753
1558,0.6049459439548287
1559,0.6139202944087807
1560,0.588697279173298
1561,0.638314551811543
1562,0.6160473903389341
1563,0.5867959432723556
1564,0.6689524847893425
1565,0.6377956636073789
1566,0.6110705518084436
1567,0.6034392354822614
1568,0.5826176057685849
1569,0.6281424982462824
1570,0.5493200689959485
1571,0.6509216784881545
1572,0.6164620076738592
1573,0.6407105093770916
1574,0.6460196139800779
1575,0.5982415319537203
1576,0.616538294164044
1577,0.6534757969691875
1578,0.655768161668291
1579,0.5994532421557163
1580,0.5963964404823517
1581,0.5793872353799799
1582,0.6067635502360135
1583,0.6380307592135215
1584,0.6064662869890757
1585,0.6124117009394348
1586,0.625609658622166
1587,0.5878819770883336
1588,0.6336332926968757
1589,0.5605646223983394
1590,0.6158858617612206
1591,0.6353728392497993
1592,0.647853320964973
1593,0.6130693785506858
1594,0.637410885845966
1595,0.6750709608154917
1596,0.5924558286395175
1597,0.7178019006370365
1598,0.7118392162418833
1599,0.5927766431703184
1600,0.5812890332168917
1601,0.6032825125287465
1602,0.6365690894979781
1603,0.6232274846299002
1604,0.6095424452696774
1605,0.6296426576588954
1606,0.6172519777863039
1607,0.5875461272867842
1608,0.5611285195572067
1609,0.5856571146454147
1610,0.6540119854204663
1611,0.5965859236367986
1612,0.6164703076201494
1613,0.5680149976602198
1614,0.574588264549478
1615,0.5407592033887384
1616,0.5416650859019109
1617,0.6166151319971602
1618,0.5967795865667113
1619,0.6266720815496396
1620,0.6264452858897873
1621,0.5722138987652123
1622,0.6906501537173895
1623,0.6156976899088806
1624,0.5906082337732176
1625,0.6105151259592101
1626,0.5722800897192901
1627,0.6119638614676082
1628,0.580695765871062
1629,0.7404018050192711
1630,0.6965152504137009
1631,0.6504015534876851
1632,0.621159091820771
1633,0.6162173976768615
1634,0.628817848633656
1635,0.664943268004461
1636,0.6900810188006747
1637,0.5916311015706598
1638,0.5857969620348834
1639,0.6100428113315814
1640,0.6589323783557189
1641,0.6689232785151434
1642,0.5955803635370515
1643,0.6624706588703001
1644,0.6299650144597879
1645,0.5594216810511541
1646,0.668260415300106
1647,0.6167851989397288
1648,0.7777332497994155
1649,0.5901908448224756
1650,0.5382971815289747
1651,0.6305463683279533
1652,0.7425803844582806
1653,0.6398037141678503
1654,0.6662431558225658
1655,0.6728505836218248
1656,0.6227791906726843
1657,0.6337102720910148
1658,0.7243535682944316
1659,0.7153847238192127
1660,0.6002284601194584
1661,0.5615594834649871
1662,0.6427491669208308
1663,0.6320717852072844
1664,0.6787111056619224
1665,0.551847838500271
1666,0.6091914260869368
1667,0.711300032657383
1668,0.7106593423688804
1669,0.5718731911854034
1670,0.7135453096899206
1671,0.7811018955050769
1672,0.6817612688683707
1673,0.6442641678891082
1674,0.6617156617810928
1675,0.6221177430678759
1676,0.6127523414640224
1677,0.6874319650273344
1678,0.6942148986926735
1679,0.596369201161313
1680,0.5908312072854515
1681,0.6069706391113615
1682,0.6141745231047557
1683,0.5723014430820081
1684,0.6199780035032032
1685,0.6304757517292647
1686,0.5831591586375738
1687,0.588148171416034
1688,0.6811306517642348
1689,0.681621615193986
1690,0.5731291354817667
1691,0.6420735781148924
1692,0.5907613431953583
1693,0.7369718410389519
1694,0.6317400406753992
1695,0.6607162111570709
1696,0.5877081774051084
1697,0.6572831477354081
1698,0.6346484342426995
1699,0.5879953674676796
1700,0.6828236172900428
1701,0.6203294473690124
1702,0.5485977091731007
1703,0.5741276547832694
1704,0.6239363924302821
1705,0.5762248589858496
1706,0.6356875815577756
1707,0.6493393391764558
1708,0.6508542209354508
1709,0.5889179355551043
1710,0.6948528173653592
1711,0.5860393368578353
1712,0.5706343310693305
1713,0.6679034878073044
1714,0.5190304729920344
1715,0.5454522679476578
1716,0.6307103257947966
1717,0.6380950279179198
1718,0.6338319549660709
1719,0.6161405747449056
1720,0.6690699804383528
1721,0.6287132424883102
1722,0.6384731299595159
1723,0.604817063819345
1724,0.6296731901363617
1725,0.8107105904394036
1726,0.6514261423691426
1727,0.6213229151771715
1728,0.5614285655958315
1729,0.58574122424476
1730,0.5826223964916232
1731,0.6708651679238576
1732,0.6415571337010185
1733,0.7044495222300576
1734,0.6048518952815595
1735,0.6387344516077964
1736,0.5526714181797852
1737,0.6918353026011406
1738,0.6109464474948378
1739,0.7468277962906482
1740,0.6521133987836004
1741,0.6703573810841214
1742,0.7221947924974684
1743,0.5958053710576671
1744,0.6444170984973253
1745,0.5960865857549557
1746,0.6477090330297331
1747,0.6675543089178616
1748,0.7239451572927739
1749,0.6878425217960762
1750,0.5661053767141475
1751,0.5678725053147968
1752,0.637431851778516
1753,0.5909673442860041
1754,0.670241196737218
1755,0.6561646219393836
1756,0.6311665993233562
1757,0.6249328479210825
1758,0.7212731557325628
1759,0.6132737628654383
1760,0.5979158819964002
1761,0.5886934346739391
1762,0.6064157050004181
1763,0.7376978553713647
1764,0.5684406195020306
1765,0.6730061219330954
1766,0.6470110924833362
1767,0.6222286896569318
1768,0.630285299999398
1769,0.6565220262693151
1770,0.6302430254076108
1771,0.5807811644207738
1772,0.7016016273735983
1773,0.5675386448181483
1774,0.5726272122486107
1775,0.5708191054571208
1776,0.6150851628133558
1777,0.6577457393559373
1778,0.6198228824244212
1779,0.6288137508145719
1780,0.6070337753275766
1781,0.5912783687544841
1782,0.6045828995357215
1783,0.6302776855064818
1784,0.642737037376342
1785,0.5850409814690959
1786,0.6118935875956066
1787,0.6282260192497957
1788,0.650091013306915
1789,0.5982287020546971
1790,0.6713868873484797
1791,0.6320732008175134
1792,0.6636013291119737
1793,0.6099825808416259
1794,0.6456716718869405
1795,0.5817094694549162
1796,0.5954395848250637
1797,0.5639753825083147
1798,0.6786245597228671
1799,0.5869565703298706
1800,0.645757398262179
1801,0.6444025251625464
1802,0.6459078403766251
1803,0.6009648829123447
1804,0.5812985625089072
1805,0.622890956825557
1806,0.5913138782194926
1807,0.6077554012682794
1808,0.6287666333456854
1809,0.6727201835679899
1810,0.6958927544419315
1811,0.6703550565031137
1812,0.6717604147338619
1813,0.612007432460342
1814,0.6745031819043648
1815,0.6464135261527583
1816,0.6431289974970223
1817,0.595221446739349
1818,0.5934098158234468
1819,0.6695474583180273
1820,0.6878145523181824
1821,0.625596739316181
1822,0.6061956819179247
1823,0.6310798894715375
1824,0.6982138336769441
1825,0.6076777885748273
1826,0.5866842218229639
1827,0.650942614618384
1828,0.6866038330433468
1829,0.5901839604864144
1830,0.6420151953688148
1831,0.6235223189877082
1832,0.7195503878861434
1833,0.7068248267874225
1834,0.7508120089285368
1835,0.6248374357916453
1836,0.7043393728530781
1837,0.5866097085708554
1838,0.636457107278281
1839,0.6260975822152148
1840,0.5729077861960061
1841,0.633136011175155
1842,0.6628708742337898
1843,0.6164194276082857
1844,0.6040027526615409
1845,0.6814204942333404
1846,0.5579769502295882
1847,0.6941148821047018
1848,0.6396829402635729
1849,0.7027113018804012
1850,0.7547288683218438
1851,0.5615475401850021
1852,0.6041853589305067
1853,0.5894577598894978
1854,0.61292528433053
1855,0.6532431749556556
1856,0.5870910533016293
1857,0.6092526326028923
1858,0.6865131892852074
1859,0.6166513939707641
1860,0.6541254279538734
1861,0.6362077214594053
1862,0.6954748812034797
1863,0.5543906581765021
1864,0.5492744453683827
1865,0.6593641245744154
1866,0.5952919366781749
1867,0.587210769223525
1868,0.5526597990000368
1869,0.5924566407527542
1870,0.5938621852480063
1871,0.6505054890808172
1872,0.6024292646390638
1873,0.564258191629756
1874,0.5529222084330196
1875,0.5968003066301163
1876,0.7004044085499996
1877,0.7318769108130389
1878,0.7308664035280702
1879,0.6045623210333394
1880,0.5748127952329638
1881,0.6228583977902891
1882,0.7051636156342259
1883,0.6212080048794744
1884,0.5812297936540965
1885,0.6250425055597719
1886,0.7310608785712195
1887,0.5913810526501505
1888,0.5820655475815805
1889,0.681666318674903
1890,0.7315958004238724
1891,0.6410333281139536
1892,0.613420822416495
1893,0.6261878534443466
1894,0.6493640005967617
1895,0.631035260496422
1896,0.6003778218997823
1897,0.652455454918417
1898,0.6327644805452537
1899,0.5842988962352934
1900,0.6338050583717192
1901,0.5764070927258078
1902,0.6845142582348431
1903,0.5953491869360693
1904,0.6420235996232272
1905,0.7165445258292839
1906,0.7565297033471046
1907,0.5845827037344752
1908,0.642941734615461
1909,0.5548134935013358
1910,0.6185198504614919
1911,0.6286581379974998
1912,0.6054519948093894
1913,0.572261120542221
1914,0.5789055255707786
1915,0.7097489708811658
1916,0.578425559197333
1917,0.7097479576022651
1918,0.758251502618104
1919,0.6148993453443441
1920,0.6402067309494774
1921,0.6279233319805066
1922,0.6043118176274408
1923,0.5740713731007949
1924,0.5725473494799524
1925,0.749770149602285
1926,0.6221703069108542
1927,0.6006856053658959
1928,0.5989137605480098
1929,0.6416163658132336
1930,0.6661664148469916
1931,0.5890127665392896
1932,0.5830551708903807
1933,0.6665891756660237
1934,0.6704155552139547
1935,0.5856245854124674
1936,0.7111472361596086
1937,0.6218806209039318
1938,0.6589745039359031
1939,0.6502004176258792
1940,0.6868632622442685
1941,0.6588163281192584
1942,0.5841885009891689
1943,0.5561237897799141
1944,0.5769850640305838
1945,0.6259712203758228
1946,0.6124960638585053
1947,0.6124065749402896
1948,0.724205242144749
1949,0.6635928205494391
1950,0.6011890261656626
1951,0.585836576769556
1952,0.5760038077232952
1953,0.7188409734463111
1954,0.6164701139050655
1955,0.6768186135996215
1956,0.5793285099072153
1957,0.6608256005748748
1958,0.5867412113105529
1959,0.6299312037270544
1960,0.5752268463237973
1961,0.583099792414916
1962,0.6236355976083519
1963,0.7209264802380514
1964,0.6119846113333338
1965,0.6970862479754538
1966,0.5599783772243037
1967,0.7036798176956286
1968,0.5954278203590023
1969,0.6218438820931982
1970,0.5575877989776254
1971,0.6144446811410975
1972,0.6827214251326665
1973,0.6284762991382897
1974,0.636893562263634
1975,0.6384879715151803
1976,0.6302901428764973
1977,0.6401690459150644
1978,0.6078335131506017
1979,0.6500693768221512
1980,0.5920938794556928
1981,0.5980804429602359
1982,0.6191693175334145
1983,0.6395000136196605
1984,0.5748649865469344
1985,0.6108445012066066
1986,0.6012647762140765
1987,0.6682806212734805
1988,0.6823743771091475
1989,0.5912556742873386
1990,0.6160999988853932
1991,0.6060140144220582
1992,0.7423942838672231
1993,0.6997602164888252
1994,0.6346415797089588
1995,0.621410295581204
1996,0.5881566874291487
1997,0.5608462841304371
1998,0.6192043129083924
1999,0.5903855508336097
2000,0.6311226707027751
2001,0.6045924213771569
2002,0.5608030707655507
2003,0.7179761101021701
2004,0.600274653716406
2005,0.6131746701494056
2006,0.5664651279768271
2007,0.6496720671849211
2008,0.6551679280300183
2009,0.590149911335116
2010,0.7068191792476667
2011,0.6065394069826956
2012,0.6061854373702146
2013,0.675313894431955
2014,0.5712274494035572
2015,0.6869566478159042
2016,0.5889313093464786
2017,0.6277498824745487
2018,0.6559452619585239
2019,0.634220636831484
2020,0.6838677713949817
2021,0.6148531293956561
2022,0.676382188416589
2023,0.5796826285312994
2024,0.6576495970696451
2025,0.6556002851962873
2026,0.5861123748950735
2027,0.5797264230414377
2028,0.6905191725183026
2029,0.5926460121484988
2030,0.6288942021790622
2031,0.7403710341232399
2032,0.6362792023253916
2033,0.6256387009836017
2034,0.7697959381463565
2035,0.6518774538113205
2036,0.6055241313264291
2037,0.586371260203644
2038,0.6189989898205406
2039,0.6316252421364044
2040,0.6163999368906059
2041,0.6149348399081922
2042,0.6544003692626733
2043,0.6376721180872846
2044,0.6198220405088639
2045,0.6373501189142394
2046,0.621622063420888
2047,0.5678087805027496
2048,0.7155852338322858
2049,0.637846804389548
2050,0.8070618625246369
2051,0.7843077907378798
2052,0.6467506500035137
2053,0.540938874129124
2054,0.5603686870414801
2055,0.6056535628048442
2056,0.6218462960811677
2057,0.6768484457225534
2058,0.8119099252277657
2059,0.6386745042398867
2060,0.6355061748322144
2061,0.6230754927947824
2062,0.6709776418818448
2063,0.6505667775531544
2064,0.6095421770487919
2065,0.7051753428473865
2066,0.7085254813119483
2067,0.6486429483507307
2068,0.6335529903439885
2069,0.5482875415213382
2070,0.6360243775830043
2071,0.5521519525556593
2072,0.5908850824305366
2073,0.6301328313271504
2074,0.6626609317862432
2075,0.730446563336458
2076,0.5347112173014154
2077,0.638970575394
2078,0.6623235993192435
2079,0.6617353164115359
2080,0.8610810124229782
2081,0.6591948175910224
2082,0.6747507646828435
2083,0.6341887781507505
2084,0.7102789455485973
2085,0.6038817701410192
2086,0.6493448228034483
2087,0.7134116313808184
2088,0.6425529633430861
2089,0.560798209262001
2090,0.5700236070142026
2091,0.6528252868160435
2092,0.7527500240355716
2093,0.6887107826047669
2094,0.6180857647606275
2095,0.6127789102328474
2096,0.575188907969659
2097,0.5876979552091387
2098,0.6529308168333282
2099,0.5945487338573495
2100,0.5986628473602028
2101,0.642131230704115
2102,0.6014495878547675
2103,0.5731858641990504
2104,0.5931035522756843
2105,0.6225367636956713
2106,0.6225509048968014
2107,0.7397866404183722
2108,0.6648388108707183
2109,0.6129925034646688
2110,0.6340044060942884
2111,0.6257786675823529
2112,0.5583522508530467
2113,0.9009325563351777
2114,0.5641499421507155
2115,0.6580841745087996
2116,0.6886392570352997
2117,0.694575715388315
2118,0.5810693081576045
2119,0.6048039582488561
2120,0.6296268028243301
2121,0.6624947540465144
2122,0.7218379097081477
2123,0.5789416906868404
2124,0.6643444499764174
2125,0.7067518111019248
2126,0.5957445892247802
2127,0.7023177771378888
2128,0.6018673716862576
2129,0.6125994183063854
2130,0.6541409549629119
2131,0.6864267923577552
2132,0.5842922726695375
2133,0.5654407626127742
2134,0.6532138494721741
2135,0.5825246150776974
2136,0.6135834089765901
2137,0.7310999196112203
2138,0.6961821796785486
2139,0.7349770525111525
2140,0.6194681677539249
2141,0.6874630935512129
2142,0.6627674601812684
2143,0.5766874878592796
2144,0.6414728080348487
2145,0.5827989454389247
2146,0.7416166519155114
2147,0.6108248018726825
2148,0.6879712231176363
2149,0.683365915217047
2150,0.5983413771783485
2151,0.6658006956696095
2152,0.6504053532835631
2153,0.5932533610908174
2154,0.6110947289410396
2155,0.6132252297863228
2156,0.5971833856592544
2157,0.604298078757639
2158,0.5657489111573153
2159,0.6502094626301848
2160,0.6281207574533965
2161,0.6589318121116273
2162,0.6068522121398322
2163,0.6012156172862281
2164,0.6055371772922767
2165,0.6072703088956887
2166,0.5438800204467761
2167,0.807480823547791
2168,0.6001180201698529
2169,0.6023542670992453
2170,0.6278993262112542
2171,0.5698411348556796
2172,0.5967636125228636
2173,0.5842335322956126
2174,0.6221888290531141
2175,0.6141306317370754
2176,0.6476353318908613
2177,0.6593821698795456
2178,0.6367722370164253
2179,0.5882756061389681
2180,0.6783780349267701
2181,0.5964107902997261
2182,0.7390696114856237
2183,0.5748386040426132
2184,0.7190903592651868
2185,0.6090411776875747
2186,0.6002041339752594
2187,0.6232925952498558
2188,0.543734648452124
2189,0.6081973845841059
2190,0.5939438510570615
2191,0.6590124422900413
2192,0.619798206102955
2193,0.6751596674227913
2194,0.6710012751220896
2195,0.6454935583178069
2196,0.6005887180215884
2197,0.5746055051919516
2198,0.6194230693922598
2199,0.6302936744514898
2200,0.8548879411883389
2201,0.5308042317894559
2202,0.6140071681733628
2203,0.6084358031489966
2204,0.7690416712140041
2205,0.6115546458032939
2206,0.602211901413685
2207,0.6327567021395741
2208,0.6774119778029932
2209,0.6902702635365567
2210,0.6944470587702358
2211,0.5954838114688509
2212,0.6132438711378652
2213,0.6706206845867225
2214,0.6320931832734833
2215,0.6012339531639842
2216,0.6124426953528705
2217,0.6363899179464627
2218,0.5967837812433373
2219,0.6958058359738686
2220,0.5865693711299079
2221,0.6354854324170689
2222,0.6393779284132761
2223,0.6405462091835612
2224,0.6584946567717399
2225,0.6034568337525824
2226,0.6088296408158754
2227,0.5610232540355173
2228,0.6947951051714953
2229,0.5598270149632087
2230,0.5990070120092027
2231,0.6101603516840726
2232,0.5751685902375823
2233,0.6002508863657184
2234,0.6015614359640219
2235,0.8113070242817984
2236,0.6256385221696781
2237,0.6212000700116116
2238,0.6198165270795508
2239,0.734661177714993
2240,0.6813674759049728
2241,0.6263388320005636
2242,0.5629464499386281
2243,0.5563597682798047
2244,0.6645799628150485
2245,0.5879307783883346
2246,0.5866781570507195
2247,0.5964237394080317
2248,0.6182541255203411
2249,0.6634558043804285
2250,0.591041343448082
2251,0.5373352967300834
2252,0.6380918837730953
2253,0.6729840980181636
2254,0.5988763213827418
2255,0.5683903727894799
2256,0.8273726506607144
2257,0.5727226541803685
2258,0.6649478575618352
2259,0.6109368362464407
2260,0.6639868221290813
2261,0.7464005204200435
2262,0.7750958934369151
2263,0.5741418928419415
2264,0.6205188113141769
2265,0.6708696531731096
2266,0.6319222818659376
2267,0.6427771960033658
2268,0.6417666440149162
2269,0.6208961310448569
2270,0.6108400085067744
2271,0.6415380751169876
2272,0.6629864625342808
2273,0.6095986226440298
2274,0.5492573909904128
2275,0.6772049112793856
2276,0.6559008714019733
2277,0.680876139946214
2278,0.7102299505335122
2279,0.6477942974690022
2280,0.6799439233574913
2281,0.680041943189982
2282,0.6073123823218117
2283,0.6717350529590217
2284,0.5587614441656206
2285,0.6440772328330736
2286,0.6350033947823408
2287,0.5839065263327047
2288,0.5915659611483836
2289,0.7250302597862327
2290,0.6645022979675353
2291,0.558804217946278
2292,0.6220120193355072
2293,0.6499514490394921
2294,0.7774515880673177
2295,0.6501762181415428
2296,0.6167474393995143
2297,0.5694372389055944
2298,0.605053843256602
2299,0.6160708671169957
2300,0.6304713558869746
2301,0.6587117964797141
2302,0.5941942874077387
2303,0.6191633570692923
2304,1.0
2305,0.6065656628271542
2306,0.5792500031441449
2307,0.609578304911953
2308,0.6035338056961413
2309,0.6761343672195455
2310,0.6943323645393631
2311,0.6068334515790074
2312,0.6490428507898539
2313,0.609508790999127
2314,0.7188997287213964
2315,0.6135154671361764
2316,0.7421697978872182
2317,0.6064196761596395
2318,0.7266723974542381
2319,0.6249847114095264
2320,0.6066604342066982
2321,0.6386422730301455
2322,0.5736525536386636
2323,0.6851605513596206
2324,0.6564112510436028
2325,0.6454531612722182
2326,0.5825494776636674
2327,0.5921717603700304
2328,0.6243365332879702
2329,0.5956901403850233
2330,0.5812425192449976
2331,0.6537177769113912
2332,0.6832622329436402
2333,0.6238351613977455
2334,0.6643064818199585
2335,0.6089383447803053
2336,0.5740954533758489
2337,0.5895869827516685
2338,0.6325804214131581
2339,0.6027758656277736
2340,0.6590176129926674
2341,0.6771814717542248
2342,0.6610879206008958
2343,0.6406970089258547
2344,0.6113480561168161
2345,0.5964138748399094
2346,0.5961653383871711
2347,0.633177302290362
2348,0.6771944655660114
2349,0.5835299963635209
2350,0.6806028228638874
2351,0.651044210729348
2352,0.606001333534638
2353,0.6332356701352793
2354,0.7027274398370122
2355,0.7206104266279681
2356,0.5640087536568192
2357,0.6173811559449938
2358,0.6527123360209265
2359,0.6749263301535648
2360,0.5914770757271602
2361,0.5782244531378476
2362,0.662200679647882
2363,0.7629747532025126
2364,0.5947326737801627
2365,0.5834508935540382
2366,0.5923733805195462
2367,0.7767823471556695
2368,0.694448578688587
2369,0.753833696017641
2370,0.6237599328899424
2371,0.5488088474387618
2372,0.7196454572888936
2373,0.5788771984650375
2374,0.6185189936447744
2375,0.7032930729810553
2376,0.6205322074572917
2377,0.7580191041219768
2378,0.657110085659618
2379,0.6520929841939817
2380,0.6742726907567567
2381,0.5723720075266356
2382,0.6448140803090286
2383,0.6508800148439399
2384,0.6111128040484903
2385,0.5358192191529739
2386,0.6490399748659149
2387,0.6210821869324334
2388,0.587341951588276
2389,0.651064342196921
2390,0.5448130118958346
2391,0.6289779168976595
2392,0.5981329620997332
2393,0.6920508627861224
2394,0.760056539770571
2395,0.616473600776577
2396,0.5950236859903523
2397,0.8236175284613652
2398,0.6331296632808647
2399,0.6116782509280294
2400,0.6113312997620524
2401,0.5732707263069912
2402,0.5835902790075375
2403,0.6134104512089222
2404,0.6040851635286114
2405,0.683309752743855
2406,0.6103967287900014
2407,0.7008807241391704
2408,0.7538826314280849
2409,0.6601808124672882
2410,0.565842542598096
2411,0.7078545863715061
2412,0.6751594439053867
2413,0.6029363809265863
2414,0.6170742739990787
2415,0.6107312002342224
2416,0.597809547316459
2417,0.595621878169663
2418,0.7499798089277858
2419,0.6706474172683109
2420,0.5951983126879744
2421,0.6639862260826691
2422,0.5851831236372517
2423,0.5780888600296461
2424,0.6704251962646725
2425,0.6820006858110019
2426,0.569733369664349
2427,0.6103600570344891
2428,0.6487058163460603
2429,0.705140563539233
2430,0.6151355138340286
2431,0.5704826298068386
2432,0.6253482326657633
2433,0.6564304735403971
2434,0.6050541412798082
2435,0.5905809944521788
2436,0.6033149151018312
2437,0.5777230514453022
2438,0.7492655218085336
2439,0.5998138725868539
2440,0.6210428031657456
2441,0.5728971765698685
2442,0.5967998372435667
2443,0.5853879698879737
2444,0.6600850278088434
2445,0.5392461842747817
2446,0.6819756071582075
2447,0.6989788890493578
2448,0.6301705610650443
2449,0.5830686042863963
2450,0.6093583786870015
2451,0.5735901326781432
2452,0.6212782191468347
2453,0.7614417814349066
2454,0.6155227204845715
2455,0.5773002459227892
2456,0.62925825242649
2457,0.5661821623932026
2458,0.6257327273051305
2459,0.6078838045666334
2460,0.6551041063604292
2461,0.5990677118857078
2462,0.5644782519651501
2463,0.6460435452435288
2464,0.6732440189573754
2465,0.6050043341514865
2466,0.6096210861431905
2467,0.5581338482717366
2468,0.7400063729282396
2469,0.569716650562486
2470,0.6007466777714087
2471,0.6222082899684733
2472,0.5771245388910449
2473,0.6896593606675052
2474,0.6287569773938073
2475,0.6374988771975709
2476,0.5864836149523488
2477,0.6581226344035486
2478,0.5622837208340334
2479,0.6263690217513429
2480,0.6033893612987183
2481,0.6977163137366584
2482,0.6078603501403123
2483,0.7577176536489931
2484,0.6317159753015056
2485,0.6838840881655164
2486,0.6740107432597433
2487,0.5804047611114526
2488,0.5886074251766548
2489,0.6289829236875222
2490,0.61266204043257
2491,0.6068174030293582
2492,0.766432358835199
2493,0.6747360572376218
2494,0.6396486228913889
2495,0.6287038696584779
2496,0.6187957007410705
2497,0.588183658529302
2498,0.6107219093607719
2499,0.6646322211842405
2500,0.5762878983445228
2501,0.6084469194145846
2502,0.640657342037121
2503,0.6852733084396536
2504,0.6522083489770681
2505,0.6588250601991975
2506,0.5806165140499763
2507,0.6246032193539608
2508,0.6047609758519544
2509,0.6333940694693285
2510,0.6449932071570631
2511,0.7402154660096487
2512,0.5398562042500851
2513,0.6303055506762534
2514,0.6376885689682621
2515,0.5105658083444352
2516,0.6930896971768321
2517,0.7548897710508244
2518,0.7231068180139769
2519,0.6371900655513962
2520,0.6372185118664198
2521,0.6538411287164015
2522,0.6256999745547787
2523,0.6055355605163836
2524,0.6324083130116276
2525,0.6952964100064987
2526,0.6603648417970632
2527,0.6816254894956655
2528,0.5766086011166214
2529,0.7476905436700259
2530,0.6882306821208786
2531,0.6332296500665158
2532,0.5945163461854251
2533,0.5837586546684114
2534,0.6587672436972115
2535,0.580621230267213
2536,0.7964058937784496
2537,0.609105543249515
2538,0.5621796399545884
2539,0.6707537668494125
2540,0.6055469152005365
2541,0.6298696023303507
2542,0.6205906945114914
2543,0.6231841744074718
2544,0.6721184002090455
2545,0.7038889107770377
2546,0.6528551338401357
2547,0.6858701595145369
2548,0.5915182625342451
2549,0.5477499337345402
2550,0.5708341258267089
2551,0.8126307837587128
2552,0.5728268132909051
2553,0.5593240560994115
2554,0.5789882121093147
2555,0.5980417968009831
2556,0.5741014138399712
2557,0.5953862163194289
2558,0.585969808043849
2559,0.6947971019269763
2560,0.7247226700352031
2561,0.6039753345265785
2562,0.7582889045304713
2563,0.653964435817931
2564,0.5829224984095992
2565,0.5856286832315515
2566,0.6112278633577906
2567,0.6392336404780363
2568,0.6122025929568653
2569,0.576007160484364
2570,0.6293160242249951
2571,0.6088093156332185
2572,0.6325160334994773
2573,0.5737186998892605
2574,0.6180384684778173
2575,0.7283050430831287
2576,0.6525344459691974
2577,0.6460566731657581
2578,0.618304379683472
2579,0.6108452611657822
2580,0.5637987143517307
2581,0.7155308743994907
2582,0.6367710151212802
2583,0.624180965174379
2584,0.5758118584268177
2585,0.6147230497167677
2586,0.5768926544849482
2587,0.7102427953336957
2588,0.6067255597278142
2589,0.5975384505070179
2590,0.6260253860935339
2591,0.6654497137397698
2592,0.6497529953865412
2593,0.6260335221270608
2594,0.6555996593475545
2595,0.5845036903319544
2596,0.5945166591097916
2597,0.5605115779929413
2598,0.620589994156957
2599,0.5929655824324142
2600,0.6042291534406451
2601,0.5577217827605139
2602,0.5990206018674015
2603,0.6274262292727095
2604,0.5599443429741655
2605,0.5953788029921768
2606,0.6067150022557376
2607,0.6443231764839187
2608,0.6387412018334149
2609,0.7455956789496136
2610,0.6761943145874552
2611,0.570314172189583
2612,0.681700829762171
2613,0.6034435270164294
2614,0.5322162713279562
2615,0.6935860995300949
2616,0.5943558308866125
2617,0.6623478584082211
2618,0.685505423813735
2619,0.5994299590927387
2620,0.6039999214410828
2621,0.6349020370899416
2622,0.7001638144157043
2623,0.592418069099303
2624,0.6170829911778575
2625,0.6111988656998357
2626,0.6743115231805132
2627,0.6514910369222738
2628,0.6185569767023935
2629,0.6080669919808511
2630,0.5952011886119134
2631,0.6338209132062844
2632,0.6129911251073406
2633,0.6881069428857003
2634,0.5842496628016435
2635,0.5872872643299542
2636,0.5710247116670184
2637,0.6772801323366087
2638,0.7113261990948797
2639,0.5650814583849038
2640,0.6514153092256004
2641,0.7309070091899031
2642,0.7037755874529131
2643,0.5856608473860713
2644,0.696706596213186
2645,0.6207572820331286
2646,0.6053995129227928
2647,0.6393334335486034
2648,0.6259139850190887
2649,0.5523735551611451
2650,0.6174794738006906
2651,0.7111933105472737
2652,0.5695637050531086
2653,0.6032885400480902
2654,0.5341791452956709
2655,0.6201002749740914
2656,0.6156904255932316
2657,0.6339041361865916
2658,0.645075878794439
2659,0.7654960295262319
2660,0.6630180827964495
2661,0.6384602702581721
2662,0.5762229218350099
2663,0.600523227422045
2664,0.6804743450597319
2665,0.6101230093763466
2666,0.6259083374793328
2667,0.6242199317085784
2668,0.5982885674662252
2669,0.6154319500665695
2670,0.5749051079210574
2671,0.5698695141154817
2672,0.5802275341613571
2673,0.5717275248928353
2674,0.5761045395669615
2675,0.6234948561492648
2676,0.6546564457025262
2677,0.6852910408204174
2678,0.608416759466126
2679,0.5621571727301375
2680,0.6062967862905987
2681,0.579591060901221
2682,0.5721431257043406
2683,0.6265023722349183
2684,0.6021408526813475
2685,0.6374405987596155
2686,0.6494853854486117
2687,0.6371948488238544
2688,0.6064184095610136
2689,0.5750278338773349
2690,0.6069255109473758
2691,0.5814866002508045
2692,0.5648836603830063
2693,0.7049206373142817
2694,0.6166375880457409
2695,0.5997448057088371
2696,0.5415434887085265
2697,0.7708695071417387
2698,0.5821443225655364
2699,0.6486430675600131
2700,0.6355562129285208
2701,0.6224144177189816
2702,0.6233972237469421
2703,0.5966850759574726
2704,0.5834328482489081
2705,0.5607205444144878
2706,0.7337949434641037
2707,0.660940607730114
2708,0.6396640008888244
2709,0.5791659904023415
2710,0.7512675672014018
2711,0.7057223495410473
2712,0.600637936554078
2713,0.5722836808989238
2714,0.6409964477421971
2715,0.7128727905230051
2716,0.6654656281789763
2717,0.5826588968837919
2718,0.6336005399465239
2719,0.6910689955312612
2720,0.6609755360498705
2721,0.6338132242075667
2722,0.6532755700781602
2723,0.5081651801964533
2724,0.6929522041706917
2725,0.683427337799827
2726,0.6469799937617783
2727,0.5998744830563972
2728,0.6047804740202144
2729,0.6398343062499579
2730,0.6504849999853969
2731,0.6173427780066265
2732,0.6206617059909281
2733,0.5774944154921522
2734,0.6382295704943197
2735,0.5709508540659634
2736,0.6752369150378159
2737,0.6038527873842247
2738,0.6086154515376417
2739,0.6420575444664035
2740,0.6921146397522306
2741,0.7401520764737084
2742,0.6492001027345596
2743,0.6464770199968207
2744,0.5778796030354736
2745,0.6432849530407815
2746,0.6314527910081869
2747,0.6513407736217515
2748,0.6196855086275632
2749,0.795982134581677
2750,0.6257431283150239
2751,0.7535116819434355
2752,0.6171371345438281
2753,0.6369857259401246
2754,0.5992094740742758
2755,0.6011039032874165
2756,0.5794297856432328
2757,0.6002637758693828
2758,0.5547029641447685
2759,0.6111814611445987
2760,0.6236089468831452
2761,0.648232302175027
2762,0.6245962679626782
2763,0.6197446364316561
2764,0.5901271125598483
2765,0.5640415734623925
2766,0.636500201433885
2767,0.7240556195941198
2768,0.644097677225013
2769,0.7009072035010335
2770,0.7039072988088549
2771,0.6165027176438143
2772,0.6533728448526356
2773,0.6157301073831256
2774,0.6295875233657644
2775,0.5872379116870218
2776,0.6969714941399399
2777,0.6162886252231226
2778,0.5919557531502394
2779,0.6011987342716018
2780,0.5835295418781316
2781,0.5734922097031945
2782,0.5477183134723715
2783,0.621246204003918
2784,0.6186841134021215
2785,0.711863043197212
2786,0.6452927949850086
2787,0.5604143926254277
2788,0.6093862438567732
2789,0.618425719831841
2790,0.637840858826586
2791,0.691792327654819
2792,0.6333037833390365
2793,0.7270868732281403
2794,0.6012934236947641
2795,0.6236472503157109
2796,0.660298188907016
2797,0.6979221285628003
2798,0.6093022683678705
2799,0.5989926547412482
2800,0.5951662304898363
2801,0.6411641155979565
2802,0.6217279510660201
2803,0.6681578804160427
2804,0.6460655989607812
2805,0.6255036517677515
2806,0.6668525983779073
2807,0.6333443442973885
2808,0.6101361894526369
2809,0.7489405722057478
2810,0.5816693257290527
2811,0.6616366856314727
2812,0.6077686931032721
2813,0.6968525381772197
2814,0.6491072834070156
2815,0.5683926601175868
2816,0.6180738885358639
2817,0.7709109621697091
2818,0.6501815080534513
2819,0.7151787152779868
2820,0.9999999403953588
2821,0.623542003420472
2822,0.5429442462060304
2823,0.6123694636005483
2824,0.5778003288626474
2825,0.6856689342457691
2826,0.6797906500225872
2827,0.588778058363315
2828,0.6176317264061137
2829,0.6259162797977758
2830,0.6733390734589653
2831,0.7636699519354133
2832,0.6794119519345789
2833,0.6287682277698381
2834,0.66958463671299
2835,0.6507161914875393
2836,0.5663485263974353
2837,0.6226286666018566
2838,0.7898394888735122
2839,0.6194990951121393
2840,0.5640576741661028
2841,0.6285741103545361
2842,0.73011078059013
2843,0.5743976712585883
2844,0.5841050395902968
2845,0.705885696060318
2846,0.6429238830254148
2847,0.6224057005402028
2848,0.6292921078627045
2849,0.6077801818978678
2850,0.5561680797536326
2851,0.5873611666344901
2852,0.6300695311981719
2853,0.7073917712335723
2854,0.6461151602199579
2855,0.5754366919138019
2856,0.657199537324933
2857,0.6806269776447429
2858,0.5731383071459348
2859,0.5855395742929236
2860,0.5894743001774371
2861,0.6358815350603142
2862,0.5647021940528039
2863,0.6535762605919683
2864,0.5994436681602199
2865,0.614843033859549
2866,0.6508947073880013
2867,0.5569283332271378
2868,0.6399739450231823
2869,0.5990082786078287
2870,0.7221508191734064
2871,0.6073326702515679
2872,0.6687332142154446
2873,0.596148365965583
2874,0.615321852843651
2875,0.5303499494284422
2876,0.6193364489474029
2877,0.6408950602474773
2878,0.5792099711769837
2879,0.5904328769187405
2880,0.6764408244823918
2881,0.5671531592516208
2882,0.6221919359450379
2883,0.6278342975476803
2884,0.615252771064474
2885,0.7263701125162773
2886,0.6864430793259693
2887,0.6248816549848524
2888,0.6890408433055375
2889,0.7033864585526909
2890,0.63604805552673
2891,0.6150129964939954
2892,0.7475054712590294
2893,0.579261804863107
2894,0.7241125867299684
2895,0.6148849880763896
2896,0.5947626549146977
2897,0.615194760847404
2898,0.5664245968207957
2899,0.6284605635130069
2900,0.589733937994603
2901,0.7564343061188277
2902,0.5958174931515757
2903,0.6573787684810896
2904,0.5987566874172278
2905,0.5507360331275444
2906,0.5413023208795594
2907,0.6335745374217905
2908,0.5996753514006524
2909,0.6372558243718252
2910,0.6312455605718159
2911,0.6492018312691551
2912,0.63087331468622
2913,0.658627113185697
2914,0.5976372004963636
2915,0.5912202616798722
2916,0.650012528895585
2917,0.5763388081587071
2918,0.6503674596329058
2919,0.6218368785478545
2920,0.6284674925525491
2921,0.6416032825944852
2922,0.5125751906961089
2923,0.6829753558054354
2924,0.6083923066620643
2925,0.6465938003901363
2926,0.7715218501376003
2927,0.5720968054475304
2928,0.6787040425119375
2929,0.6970884384460188
2930,0.6369090445691916
2931,0.6680108059638258
2932,0.57464588733638
2933,0.603024945972863
2934,0.5405091395670688
2935,0.5558835458228859
2936,0.5740836293051463
2937,0.6006274908407038
2938,0.5864127599350953
2939,0.5816615994774342
2940,0.596392357564428
2941,0.5983322353165009
2942,0.6663577010418354
2943,0.7571676816244315
2944,0.5871926941160742
2945,0.5533679319400828
2946,0.8612952613058531
2947,0.615272954686108
2948,0.606473372490801
2949,0.6362970688165981
2950,0.5375459544333246
2951,0.7039944705966431
2952,0.6268094851488182
2953,0.6217984931589071
2954,0.6447437617335462
2955,0.5957828852067658
2956,0.6538821665118834
2957,0.5760418280338151
2958,0.6519769190563608
2959,0.7315011780559314
2960,0.6913618927382295
2961,0.6383448160681238
2962,0.647084644610605
2963,0.6593655997892857
2964,0.6622798942160669
2965,0.6362139501444131
2966,0.6181711707609194
2967,0.6330958376469709
2968,0.6306188773740007
2969,0.642378679372151
2970,0.6079583774233831
2971,0.6073821868072636
2972,0.7009411036407289
2973,0.6598665767987623
2974,0.588482933432881
2975,0.6451768341555099
2976,0.5737499327212612
2977,0.6221309976499678
2978,0.6140153042068897
2979,0.5754963710608261
2980,0.6537500081211324
2981,0.6787388516224115
2982,0.580467912228828
2983,0.7833931277159972
2984,0.6450602474772783
2985,0.5971136109761231
2986,0.7126797608924055
2987,0.659181734372274
2988,0.8616990231454955
2989,0.6735236541316716
2990,0.5833793754351512
2991,0.6704505431383524
2992,0.6827490816861939
2993,0.5940572488869876
2994,0.6190330687741596
2995,0.6316276561243739
2996,0.6616991810977947
2997,0.604859673687239
2998,0.6435906801467729
2999,0.6197762939467255
